coupon_used,cancellation_rate_pct,avg_per_room_amount,repeat_rate_pct
False,22.277580071174377,23209.551346430286,76.0973282442748
True,21.67247386759582,20086.522480228607,73.98523985239852
